web-scraper-order,web-scraper-start-url,content,published_date
"1550351473-7471","https://stocktwits.com/symbol/BAYRY","Jefferies Group Lowers Bayer FY2017 Earnings Estimates to $1.97 EPS (Previously $2.21). americanbankingnews.com/201... $BAYRY","Jan 18th, 6:19 am"
"1550351473-7462","https://stocktwits.com/symbol/BAYRY","Bayer announces earnings. $0.42 EPS. Beats estimates.  marketbeat.com/stocks/OTCMK... $BAYRY","Feb 28th, 10:20 am"
"1550351473-7398","https://stocktwits.com/symbol/BAYRY","Bayer to stop sales of birth control device tied to injuries $BAYRY #BAYRY marketbeat.com/articles/bay...","Jul 20th, 11:18 am"
"1550351473-7359","https://stocktwits.com/symbol/BAYRY","Heed $BAYRY (Bayer Ag Sp) closing at $21.86, a 28.20% drop since 12 months ago investalert.com/s/3246 #BAYRY","Aug 16th, 9:34 pm"
"1550351473-7321","https://stocktwits.com/symbol/BAYRY","$BAYRY bulltrap","Sep 14th, 12:48 pm"
"1550351473-7405","https://stocktwits.com/symbol/BAYRY","$OASM $NVS $RHHBY $SNY $CELG $PFE $BMY $GILD $AMGN $JNJ $LLY $MRK $ABBV $GSK $BAYRY Update on Oasmia's Apealea bionewsfeeds.com/2018/05/21...","Jul 3rd, 1:36 pm"
"1550351473-7287","https://stocktwits.com/symbol/BAYRY","$BAYRY $DWDP Deep value here.","Oct 23rd, 8:01 am"
"1550351473-7323","https://stocktwits.com/symbol/BAYRY","$BAYRY BLOCK TRADE [15:17:29] @ $20.49 for 1,400,000 shares.","Sep 13th, 2:17 pm"
"1550351473-7438","https://stocktwits.com/symbol/BAYRY","Portola Pharma Rips 20% Higher After FDA Approves Andexxa Antidote benzinga.com/analyst-rating... $PTLA $BAYRY $BMY $PFE","May 4th, 1:35 pm"
"1550351473-7328","https://stocktwits.com/symbol/BAYRY","$BAYRY The post volume on this stream needs some genetic modification.","Sep 11th, 9:57 am"
"1550351473-7243","https://stocktwits.com/symbol/BAYRY","$BAYRY  price target from $20-$25 within 3 months","Dec 4th, 2:14 pm"
"1550351473-7306","https://stocktwits.com/symbol/BAYRY","$BAYRY I don't think BAYER.'s purchase of  Delta Technology Holdings  DELT will do anything to the stocks price. DELT at $5.50 a share is","Oct 8th, 8:38 am"
"1550351473-7244","https://stocktwits.com/symbol/BAYRY","$BAYRY $20 by EOY","Dec 3rd, 4:10 pm"
"1550351473-7250","https://stocktwits.com/symbol/BAYRY","$SPY $QQQ $IWM $VIX $DIA $DB $BAYRY $CBS $NLSN $ANF $TECD $CPRX $TLYS $EXPR Top stock stories at midday","Nov 29th, 12:33 pm"
"1550351473-7228","https://stocktwits.com/symbol/BAYRY","So was there any credibility to that $BAYRY $ACB rumor?  $CGC $MJ $TLRY $CRON $APHA","Dec 24th, 8:54 am"
"1550351473-7300","https://stocktwits.com/symbol/BAYRY","@amigo_rari Has the German life sciences company $BAYRY  been trying for months to bring $DELT to accept $5.50 a sh   https://investorplace.com/2018/10/bayer-ag-adr-bayry-stock-delta-technology-holding-delt/","Oct 9th, 8:58 am"
"1550351473-7272","https://stocktwits.com/symbol/BAYRY","$IBB Nordic Nanovector the next 177Lu fast tracked biotech to be bought by big pharma? tradingview.com/chart/NANOO... $NVS $BAYRY $MEIP $ECYT $XBI","Nov 17th, 5:02 am"
"1550351473-7218","https://stocktwits.com/symbol/BAYRY","$BAYRY more good news,cotton patent looking valid in India case, limited evidence, what a great start to the year. this should be exciting","Jan 8th, 9:23 am"
"1550351473-7238","https://stocktwits.com/symbol/BAYRY","$NIO $LEJU $ATAI $QTT $JD man the ADR's are hot, some one stuffen profits from weed sector..hum..almost even swop taking gains to $BAYRY ha","Dec 13th, 2:19 pm"
"1550351473-7412","https://stocktwits.com/symbol/BAYRY","Walmart's $16BN Bond May Be Tip Of M&A-Fueled Corporate Debt Sales $WMT Also $DIS $HUM $T $TWX $BAYRY $CMCSA $MSFT talkmarkets.com/content/bon...","Jun 21st, 6:12 pm"
"1550351473-7469","https://stocktwits.com/symbol/BAYRY","Jefferies Group Sets Bayer FY2022 Earnings Estimates at $2.94 EPS. marketbeat.com/x/409998 $BAYRY","Jan 18th, 10:58 pm"
"1550351473-7204","https://stocktwits.com/symbol/BAYRY","Great article on $CRBP by our newest author @galt_12 $ABBV $BAYRY $ABBV $RHHBY 
msmoneymoves.com/2019/01/31...","Jan 31st, 9:04 am"
"1550351473-7478","https://stocktwits.com/symbol/BAYRY","Bayer downgraded by ValuEngine to hold. marketbeat.com/stocks/OTCMK... $BAYRY","Jan 3rd, 12:07 am"
"1550351473-7212","https://stocktwits.com/symbol/BAYRY","$BAYRY think we are just in the very early stages of a corporate reinvention here? high risk/high payout shares rising,confidence returning","Jan 10th, 6:40 pm"
"1550351473-7284","https://stocktwits.com/symbol/BAYRY","$BAYRY i bought some today. 20 usd was to expensive. 19 (69€) is a fair price. but i still hope it will go down to 16$.","Oct 24th, 4:33 pm"
"1550351473-7231","https://stocktwits.com/symbol/BAYRY","$BAYRY money is like a vote.... no idea why anyone would support this company. Let it die.","Dec 19th, 2:57 pm"
"1550351473-7376","https://stocktwits.com/symbol/BAYRY","At $23.59, eyes on $BAYRY (Bayer Ag Sp) trying to recover from 20.79% below its 12-month MA investalert.com/s/3246 #BAYRY","Aug 13th, 9:37 pm"
"1550351473-7443","https://stocktwits.com/symbol/BAYRY","$SPX $SPY $QQQ $NDX $IWM $VIX $DIA $DJIA $MON $BAYRY $HSY $CFR $VTVT $RDN $MTG Top five analyst downgrades","Apr 10th, 9:35 am"
"1550351473-7208","https://stocktwits.com/symbol/BAYRY","$BAYRY Significantly Undervalued - 42% Discount  Fair Value 
$32 < to sell  $49.60","Jan 16th, 3:40 pm"
"1550351473-7379","https://stocktwits.com/symbol/BAYRY","Bayer Shares Fall After Jury Awards $289M In Roundup Lawsuit benzinga.com/news/18/08/121... $BAYRY","Aug 13th, 11:51 am"
"1550351473-7202","https://stocktwits.com/symbol/BAYRY","$BAYRY My OBGYN and FamilyMed colleagues love the Mirena IUD made by $BAYRY and it is touted as the best BC option more and more frequently.","Feb 5th, 1:29 pm"
"1550351473-7251","https://stocktwits.com/symbol/BAYRY","$BAYRY keep watching May enter","Nov 29th, 9:48 am"
"1550351473-7475","https://stocktwits.com/symbol/BAYRY","Nice spike for Nordic Nanovector today! Betalutin in 3L FL NHL.  nanoinvestors.wordpress.com...  $IBB $XBI $BTK $BAYRY $NVS $MBVX $TGTX","Jan 8th, 4:16 am"
"1550351473-7365","https://stocktwits.com/symbol/BAYRY","Unsafe levels of glyphosate in oat products, Cheerios, EWG says - $BAYRY - http://thefly.com/permalinks/entry.php/BAYRYid2778077","Aug 16th, 4:46 am"
"1550351473-7271","https://stocktwits.com/symbol/BAYRY","$BAYRY new pt is $10. Company has to many issues to solved.","Nov 19th, 8:36 am"
"1550351473-7413","https://stocktwits.com/symbol/BAYRY","Walmart's $16BN Bond May Be Tip Of M&amp;A-Fueled Corporate Debt Sales $WMT Also $DIS $HUM $T $TWX $BAYRY $CMCSA $MSFT talkmarkets.com/content/bon...","Jun 21st, 6:11 pm"
"1550351473-7431","https://stocktwits.com/symbol/BAYRY","$BAYRY very bad day","May 28th, 11:34 am"
"1550351473-7279","https://stocktwits.com/symbol/BAYRY","$RHHBY $NVS $BAYRY These 3 are going to start a bidding war over Nordic Nanovector Betalutin in 2019 nanoinvestors.wordpress.com... $IBB $XBI $TIG","Nov 6th, 4:13 pm"
"1550351473-7371","https://stocktwits.com/symbol/BAYRY","Downgrades 8/15: $ACM $AMR $APC $AVB $BAYRY $CASA $CYTX $EGN $EPM $FANG $HOLI $ICPT $IDN $KMB (1/2)","Aug 15th, 8:23 am"
"1550351473-7278","https://stocktwits.com/symbol/BAYRY","$OASM $NVS $RHHBY $SNY $CELG $PFE $BMY $GILD $AMGN $JNJ $LLY $MRK $ABBV $GSK $BAYRY Oasmia's Market Opportunity oasmia.com/en/market-human-...","Nov 9th, 11:55 am"
"1550351473-7309","https://stocktwits.com/symbol/BAYRY","$OASM $NVS $RHHBY $SNY $CELG $PFE $BMY $GILD $AMGN $JNJ $LLY $MRK $ABBV $GSK $BAYRY Oasmia Pharmaceutical's Breakthrough Technology XR-17","Sep 25th, 12:10 pm"
"1550351473-7423","https://stocktwits.com/symbol/BAYRY","$BAYRY confirms it plans closing of $MON acquisition on June 7 briefing.com/Investor/Popup...","Jun 4th, 7:33 am"
"1550351473-7214","https://stocktwits.com/symbol/BAYRY","$UGAZ $MAXR $GUSH $BAYRY good closing all 🤢","Jan 9th, 4:49 pm"
"1550351473-7372","https://stocktwits.com/symbol/BAYRY","Bayer downgraded by Jefferies Financial Group Inc to hold. marketbeat.com/stocks/OTCMK... $BAYRY","Aug 15th, 7:10 am"
"1550351473-7436","https://stocktwits.com/symbol/BAYRY","$BAYRY has been downgraded by ValuEngine to a SELL rating  
6-Month Expected Return: -6.73%","May 7th, 7:04 am"
"1550351473-7203","https://stocktwits.com/symbol/BAYRY","AVEO Delays NDA - Catching The Knife https://seekingalpha.com/article/4238154?source=ansh $AVEO, $AZN, $BAYRY, $BMY","Feb 5th, 10:03 am"
"1550351473-7268","https://stocktwits.com/symbol/BAYRY","$BAYRY strong buy in february, before march trial, brexit and q4 earnings. Until that, short.","Nov 21st, 8:09 am"
"1550351473-7227","https://stocktwits.com/symbol/BAYRY","$BAYRY cbsnews.com/news/bayer-admi...","Dec 30th, 10:40 pm"
"1550351473-7341","https://stocktwits.com/symbol/BAYRY","$BAYRY is this a buy? legal risks?","Aug 24th, 8:59 am"
"1550351473-7396","https://stocktwits.com/symbol/BAYRY","$OASM $NVS $RHHBY $SNY $CELG $PFE $BMY $GILD $AMGN $JNJ $LLY $MRK $ABBV $GSK $BAYRY Presentation of Oasmia's XR-17 youtube.com/watch?v=LbGExXm...","Jul 24th, 5:53 am"
"1550351473-7337","https://stocktwits.com/symbol/BAYRY","$OASM $NVS $RHHBY $SNY $CELG $PFE $BMY $GILD $AMGN $JNJ $LLY $MRK $ABBV $GSK $BAYRY Oasmia Pharmaceutical's Best-In-Class Drugs","Sep 2nd, 10:26 am"
"1550351473-7317","https://stocktwits.com/symbol/BAYRY","$BAYRY If $BIEL BioElectronics wins FDA opiate alternative challenge = b/o candidate @ $GSK $NVS $JNJ $MRK $PFE $RHHBY $SNY $GILD $AZN $LLY","Sep 17th, 2:17 pm"
"1550351473-7380","https://stocktwits.com/symbol/BAYRY","$BAYRY sell this shit!!! cancer will kill you!","Aug 13th, 10:57 am"
"1550351473-7330","https://stocktwits.com/symbol/BAYRY","$MON I knew these fools were making a stupid ass investment. Everyone knew Monsanto sucked. $BAYRY","Sep 10th, 10:19 am"
"1550351473-7235","https://stocktwits.com/symbol/BAYRY","$BAYRY $JNJ and $BAYRY should just merge and save money on lawyers retainer fees","Dec 17th, 2:27 pm"
"1550351473-7445","https://stocktwits.com/symbol/BAYRY","$BAYRY $MON 2 years later. about time.","Apr 9th, 3:17 pm"
"1550351473-7335","https://stocktwits.com/symbol/BAYRY","$OASM $ZTS $MRK $PETS $LLY $BAYRY AdvaVet's (Oasmia Pharmaceutical Animal Health) Upcoming Market Opportunity openpr.com/news/1217941/Pet...","Sep 4th, 12:35 pm"
"1550351473-7402","https://stocktwits.com/symbol/BAYRY","$OASM $ZTS $MRK $PETS $LLY $BAYRY Oasmia Pharmaceutical's Pet Cancer Therapeutics Market Opportunity thefreenewsman.com/pet-canc...","Jul 16th, 12:37 pm"
"1550351473-7369","https://stocktwits.com/symbol/BAYRY","See the latest #broker #ratings changes bit.ly/1eLLpAY $NVDA $DVN $DNR $PZZA $DRNA $MTDR $HEINY $VLEEY $BAYRY $EGN $TELL $CISN...","Aug 15th, 10:05 am"
"1550351473-7397","https://stocktwits.com/symbol/BAYRY","$OASM $NVS $RHHBY $SNY $CELG $PFE $BMY $GILD $AMGN $JNJ $LLY $MRK $ABBV $GSK $BAYRY  Oasmia Pharmaceutical - Imminent EMA Approval","Jul 23rd, 10:15 am"
"1550351473-7263","https://stocktwits.com/symbol/BAYRY","FDA Watch
$LOXO $CPRX $BAYRY $TEVA","Nov 24th, 1:29 pm"
"1550351473-7414","https://stocktwits.com/symbol/BAYRY","$OASM $ZTS $MRK $PETS $LLY $BAYRY Oasmia Pharmaceutical - Leading player in the global pet cancer therapeutic market openpr.com/news/1088144/Pet...","Jun 19th, 12:23 pm"
"1550351473-7467","https://stocktwits.com/symbol/BAYRY","$CRSP I thought this would be up with the big $BAYRY actions buy","Jan 31st, 9:13 am"
"1550351473-7215","https://stocktwits.com/symbol/BAYRY","$MON $BAYRY $VTL $I $NICE Danish investment SaxoBank and information-analytical company Morningstar have released the next investment notes!","Jan 9th, 10:00 am"
"1550351473-7468","https://stocktwits.com/symbol/BAYRY","$CRSP $BAYRY buys half a million shares of $CRSP","Jan 30th, 1:31 pm"
"1550351473-7314","https://stocktwits.com/symbol/BAYRY","$TLRY Price/Sales ratio of 1000. 500 times more expensive than! $BAYRY","Sep 19th, 7:29 am"
"1550351473-7419","https://stocktwits.com/symbol/BAYRY","In world's largest all-cash merger, $JPM moved $57B in 6 hours so $BAYRY could pay for $MON - $JPM fees should be juicy for this transaction","Jun 11th, 2:35 pm"
"1550351473-7280","https://stocktwits.com/symbol/BAYRY","$NVS $RHHBY $SNY $CELG $PFE $BMY $GILD $AMGN $JNJ $LLY $MRK $ABBV $GSK $BAYRY Swedish LIDDS's Broad Pipeline liddspharma.com/","Nov 1st, 2:40 pm"
"1550351473-7439","https://stocktwits.com/symbol/BAYRY","BASF Wins Conditional EU Approval To Buy Certain Bayer Assets $BASFY $BAYRY Also $MON talkmarkets.com/content/sto...","Apr 30th, 10:23 am"
"1550351473-7453","https://stocktwits.com/symbol/BAYRY","New developments in Monsanto-Bayer merger $BAYRY $MON  investmentsrevolution.com/2...","Mar 21st, 6:36 pm"
"1550351473-7358","https://stocktwits.com/symbol/BAYRY","$RKDA $MON,$DWDP,$BAYRY big fish in Ag market accounting for 85% of the 2017 seed trait R&D spend of$6.3 bill.  2019 will be year of $RKDA.","Aug 16th, 10:03 pm"
"1550351473-7267","https://stocktwits.com/symbol/BAYRY","U.S. judge overseeing federal litigation against $BAYRY Monsanto unit over glyphosate-based weed-killers to try 1st case in court Feb. 2019","Nov 21st, 9:27 am"
"1550351473-7457","https://stocktwits.com/symbol/BAYRY","$BAYRY dip lo.","Mar 15th, 10:42 am"
"1550351473-7373","https://stocktwits.com/symbol/BAYRY","$BAYRY $MON on the hunt for new General Counsel in midst of another legal & PR crisis after $289M Roundup verdict. #law","Aug 14th, 12:40 pm"
"1550351473-7329","https://stocktwits.com/symbol/BAYRY","$BAYRY 😀💩","Sep 10th, 10:41 pm"
"1550351473-7464","https://stocktwits.com/symbol/BAYRY","$BAYRY this along with $MON are some of the evilest companies in the country. When the bees are dead and your kids have cancer, look 2 them.","Feb 28th, 6:48 am"
"1550351473-7479","https://stocktwits.com/symbol/BAYRY","$BAYRY 
ARDM?","Dec 29th, 12:44 pm"
"1550351473-7368","https://stocktwits.com/symbol/BAYRY","$BAYRY = Takata","Aug 15th, 2:32 pm"
"1550351473-7324","https://stocktwits.com/symbol/BAYRY","BLOCK TRADE: $BAYRY 1,400,000 shares @ $20.49 [12:43:12]","Sep 13th, 11:50 am"
"1550351473-7447","https://stocktwits.com/symbol/BAYRY","$MON $BAYRY Justice Department to approve Bayer acquisition of Monsanto, WSJ reports","Apr 9th, 12:59 pm"
"1550351473-7289","https://stocktwits.com/symbol/BAYRY","$BAYRY Good, I hope they win.","Oct 23rd, 6:10 am"
"1550351473-7370","https://stocktwits.com/symbol/BAYRY","See the latest #broker #ratings changes briefing.com/investor/calen... $NVDA $DVN $DNR $PZZA $DRNA $MTDP $HEINY $VLEEY $BAYRY $EGN $TELL $CISN...","Aug 15th, 9:56 am"
"1550351473-7344","https://stocktwits.com/symbol/BAYRY","$BAYRY Extremely CHEAP valuation here...💰","Aug 22nd, 12:56 pm"
"1550351473-7239","https://stocktwits.com/symbol/BAYRY","$SPY $QQQ $IWM $VIX $DIA $CRON $MO $AVGO $BAYRY $MRNA $AOBC $AKRX $FSNUY $UNFI $BIG Top stock stories for Friday","Dec 7th, 3:19 pm"
"1550351473-7347","https://stocktwits.com/symbol/BAYRY","$BAYRY has a 1-month RSI of 36 investalert.com/s/3246 #BAYRY","Aug 21st, 8:56 pm"
"1550351473-7282","https://stocktwits.com/symbol/BAYRY","$BAYRY $SPY $MU $AAPL $DWDP $F Any value investors wanna chime in here? To me Bayer looks like a once in a lifetime deal.","Oct 25th, 10:38 am"
"1550351473-7389","https://stocktwits.com/symbol/BAYRY","Bayer downgraded by ValuEngine to strong sell. marketbeat.com/stocks/OTCMK... $BAYRY","Aug 7th, 12:10 am"
"1550351473-7388","https://stocktwits.com/symbol/BAYRY","$BAYRY what's wrong here... Why is this headed south","Aug 10th, 9:57 am"
"1550351473-7428","https://stocktwits.com/symbol/BAYRY","Wall Street Tumbles On European Political Worries $DIS $CMCSA $FOXA $BAYRY $MON briefing.com/investor/marke...","May 29th, 12:11 pm"
"1550351473-7342","https://stocktwits.com/symbol/BAYRY","Pre-Mkt Top Gainers: $LEJU $WSM $INNT $MYND $PLUG Losers: $PAVM $QD $LB $HRL $JNUG Active: $BABA $LYG $AMD $HMNY $BAYRY","Aug 23rd, 7:45 am"
"1550351473-7482","https://stocktwits.com/symbol/BAYRY","$BAYRY  check out Covestro!!","Dec 17th, 5:30 am"
"1550351473-7304","https://stocktwits.com/symbol/BAYRY","$BAYRY  Has the German life sciences company  been trying for months to bring Delta Technolgy Holdings to acceptt ....https://investorplace.com/2018/10/bayer-ag-adr-bayry-stock-delta-technology-holding-delt/","Oct 9th, 7:00 am"
"1550351473-7404","https://stocktwits.com/symbol/BAYRY","$NVS $RHHBY $SNY $CELG $PFE $BMY $GILD $AMGN $JNJ $LLY $MRK $ABBV $GSK $BAYRY Swedish LIDDS's Cutting Edge STING liddspharma.com/press/lidds...","Jul 7th, 4:01 am"
"1550351473-7381","https://stocktwits.com/symbol/BAYRY","Bayer drags Scotts Miracle-Gro down after Monsanto weed killer ruling - $BAYRY - http://thefly.com/permalinks/entry.php/BAYRYid2776437","Aug 13th, 9:50 am"
"1550351473-7223","https://stocktwits.com/symbol/BAYRY","$BAYRY is this an OTC stock just asking? Pink slip?","Jan 4th, 9:01 am"
"1550351473-7378","https://stocktwits.com/symbol/BAYRY","Bayer Drags Scotts Miracle-Gro Down After Monsanto Weed Killer Ruling $BAYRY $SMG talkmarkets.com/content/us-...","Aug 13th, 11:56 am"
"1550351473-7269","https://stocktwits.com/symbol/BAYRY","$BAYRY even with the lawsuits this is a buy! 17 bucks with all those tangible assets including Monsantos?","Nov 20th, 10:22 pm"
"1550351473-7486","https://stocktwits.com/symbol/BAYRY","This Cancer Biotech Is Falling On Its $1.55 Billion Bayer Deal: investors.com/news/technolo... $LOXO $BAYRY","Nov 14th, 11:17 am"
"1550351473-7374","https://stocktwits.com/symbol/BAYRY","$BAYRY close < 5% (Bayer AG) dividendinvestor.com/divide...","Aug 14th, 7:56 am"
"1550351473-7348","https://stocktwits.com/symbol/BAYRY","BLOCK TRADE: $BAYRY 4,290,000 shares @ $23.80 [12:25:55]","Aug 21st, 11:29 am"
"1550351473-7437","https://stocktwits.com/symbol/BAYRY","$BAYRY looking rly good rn","May 4th, 2:14 pm"
"1550351473-7270","https://stocktwits.com/symbol/BAYRY","Initiated a position in $BAYRY.  Looks to be great value here.  We will see...","Nov 20th, 4:01 pm"
"1550351473-7332","https://stocktwits.com/symbol/BAYRY","$BAYRY 19,xx $ is a good price. 20+ is to high.","Sep 5th, 9:20 pm"
"1550351473-7315","https://stocktwits.com/symbol/BAYRY","Upgrades 9/18: $BAYRY $CASY $GFI $LB $MD $OXY $SGRY $TRGP $UHS $UNP $VALE $XLRN","Sep 18th, 8:18 am"
"1550351473-7484","https://stocktwits.com/symbol/BAYRY","Regeneron - An Update: Buying Into The Fear seekingalpha.com/article/41... $REGN, $AMGN, $BAYRY, $GILD, $IBB, $INCY, $LLY, $MRK, $NVS, $PJC, $RHHBY","Nov 30th, 2:38 pm"
"1550351473-7316","https://stocktwits.com/symbol/BAYRY","$SESN When $SESN begins her ascent there'll be no stopping Vicinium's versatile combo licensing ability. $AZN $MRK $RHHBY $TEVA $PFE $BAYRY","Sep 18th, 7:45 am"
"1550351473-7367","https://stocktwits.com/symbol/BAYRY","Canada to phase out two types of crop chemicals crop chemicals linked to bee deaths. #BuzzOff $SYT & $BAYRY $MON #neonics","Aug 15th, 7:58 pm"
"1550351473-7219","https://stocktwits.com/symbol/BAYRY","Eli Lilly Agrees To Buy Loxo For $8B In Bid To Expand Oncology Franchise

$BAYRY $CELG $LLY $LOXO $BMY  

m.benzinga.com/article/1294...","Jan 7th, 8:52 am"
"1550351473-7383","https://stocktwits.com/symbol/BAYRY","Turkey Crisis, Tesla, Bayer and Google - 5 Things You Must Know $TSLA $GOOG $GOOGL thestreet.com/markets/5-thi... $NLSN $BAYRY","Aug 13th, 9:02 am"
"1550351473-7334","https://stocktwits.com/symbol/BAYRY","$BAYRY fun fact: monsanto is pushing the earnings of bayer. Bayer itself has the worst management ever. They have no new blockbuster product","Sep 5th, 9:17 pm"
"1550351473-7294","https://stocktwits.com/symbol/BAYRY","@luckeee any thoughts on $BAYRY as a longterm play? Seems way oversold. I realize Lg. Cap industrial stocks aren't really fun or interesting","Oct 16th, 2:20 pm"
"1550351473-7452","https://stocktwits.com/symbol/BAYRY","$MON $BAYRY  
  
Bayer won’t force Justice Department to make decision on Monsanto merger 
nypost.com/2018/03/21/bayer...","Mar 21st, 9:32 pm"
"1550351473-7273","https://stocktwits.com/symbol/BAYRY","$BAYRY under 17 and i buy again","Nov 16th, 10:24 am"
"1550351473-7333","https://stocktwits.com/symbol/BAYRY","$BAYRY so dont blame monsanto. the management of bayer did nothing the last 2 years. now the are investing high in the research again","Sep 5th, 9:19 pm"
"1550351473-7420","https://stocktwits.com/symbol/BAYRY","$BAYRY closes acquisition of $MON","Jun 7th, 10:04 am"
"1550351473-7476","https://stocktwits.com/symbol/BAYRY","Will Nordic Nanovector and Betalutin be picked up by one of large players in NHL? nanoinvestors.wordpress.com... $NVS $BAYRY $RHHBY $IBB $XBI $BTK","Jan 7th, 3:56 pm"
"1550351473-7418","https://stocktwits.com/symbol/BAYRY","$BAYRY","Jun 12th, 7:17 am"
"1550351473-7237","https://stocktwits.com/symbol/BAYRY","if you aready own $JNJ hang tight   ill ride it back up with ya..$BAYRY is another law suite ride.$BAYRY going to end with cbd headache free","Dec 14th, 6:00 pm"
"1550351473-7360","https://stocktwits.com/symbol/BAYRY","$BAYRY Mosanto Weed-killing chemical found in cereals, oat products, report sayshttps://www.youtube.com/watch?v=lqrWJp0xMHk","Aug 16th, 5:09 pm"
"1550351473-7331","https://stocktwits.com/symbol/BAYRY","$BAYRY we will see 19usd today. in europe its already -4%","Sep 7th, 6:16 am"
"1550351473-7474","https://stocktwits.com/symbol/BAYRY","$BAYRY: Bayer AG plans to reduce interest in Covestro by an additional EUR 1.5 bln  briefing.com/Investor/Popup...","Jan 10th, 12:49 pm"
"1550351473-7229","https://stocktwits.com/symbol/BAYRY","How #Trump's Policies Moved Stocks $BF.A $FB $GOOGL $GOOG $TWTR $DEO $STZ $BF.B $AGN $AZN $BAYRY $GSK $AMGN $NVS talkmarkets.com/content/com...","Dec 23rd, 9:42 pm"
"1550351473-7220","https://stocktwits.com/symbol/BAYRY","Eli Lilly Agrees To Buy Loxo For $8B In Bid To Expand Oncology Franchise benzinga.com/general/biotec... $LLY $LOXO $BAYRY $BMY $CELG","Jan 7th, 8:10 am"
"1550351473-7391","https://stocktwits.com/symbol/BAYRY","$CUE new board member is former Takeda board and chief commercial officer AND a former $BAYRY Bayer AG board! Grt!!

cuebiopharma.gcs-web.com/ne...","Aug 3rd, 8:23 am"
"1550351473-7224","https://stocktwits.com/symbol/BAYRY","$BAYRY fortune.com/2019/01/04/baye...","Jan 4th, 7:04 am"
"1550351473-7339","https://stocktwits.com/symbol/BAYRY","John Hempton on the Bayer lawsuit reaction brontecapital.blogspot.com/... $BAYRY","Aug 28th, 7:31 pm"
"1550351473-7201","https://stocktwits.com/symbol/BAYRY","$BAYRY Still increasing my position in this company","Feb 5th, 1:33 pm"
"1550351473-7213","https://stocktwits.com/symbol/BAYRY","$SEED this is good news, their dow deal is seen as a threat to Monsanto $BAYRY ca.finance.yahoo.com/news/c...  is that $SEED report going to be + ?","Jan 9th, 8:20 pm"
"1550351473-7489","https://stocktwits.com/symbol/BAYRY","$BAYRY back above €115 big move","Nov 3rd, 6:18 am"
"1550351473-7461","https://stocktwits.com/symbol/BAYRY","Bayer (BAYRY) Q4 Earnings Beat Estimates, Sales Down Y/Y $BAYRY Also $MON $MRK $REGN talkmarkets.com/content/sto...","Mar 3rd, 5:30 pm"
"1550351473-7319","https://stocktwits.com/symbol/BAYRY","$BAYRY Anyone on Bayer investor side heard anything about this possible deal with penny stock $BIEL (BioElectronics) Let's discuss inside...","Sep 14th, 2:27 pm"
"1550351473-7415","https://stocktwits.com/symbol/BAYRY","$OASM $ZTS $MRK $PETS $LLY $BAYRY Oasmia Pharmaceutical's Spin-Off AdvaVet Inc. advavet.com/en/","Jun 19th, 5:40 am"
"1550351473-7259","https://stocktwits.com/symbol/BAYRY","$BAYRY people.com/health/terminall...

Will he ever get his $$$ or does BK filing for Co come first? Anyone know? $289m for one case! Nice!","Nov 27th, 1:43 pm"
"1550351473-7253","https://stocktwits.com/symbol/BAYRY","$BAYRY looking to dump animal health line...I think $AZNIS a prime candidate as a buyer","Nov 29th, 7:57 am"
"1550351473-7276","https://stocktwits.com/symbol/BAYRY","$BAYRY already bought at this stage. wanna see 16-17$","Nov 13th, 7:53 am"
"1550351473-7408","https://stocktwits.com/symbol/BAYRY","Jefferies Financial Group Lowers Bayer FY2018 Earnings Estimates to $1.76 EPS (Previously $2.01). americanbankingnews.com/201... $BAYRY","Jun 26th, 6:46 am"
"1550351473-7375","https://stocktwits.com/symbol/BAYRY","Market Morning: EM Rout Halts, Erdogan Threatens Apple, Bayer Gets Rounded Up marketexclusive.com/market-... $HD $AAPL $GOOGL $BAYRY $EEM $TRY","Aug 14th, 7:24 am"
"1550351473-7200","https://stocktwits.com/symbol/BAYRY","$NBEV Hot tip! $BAYRY is gonna skyrocket when the FDA overrules state laws saying you probably shouldn't let companies put aspirin in food","Feb 6th, 6:11 pm"
"1550351473-7246","https://stocktwits.com/symbol/BAYRY","$BAYRY Turnaround week for Bayer, this company will be instrumental in feeding the world !","Dec 3rd, 2:32 am"
"1550351473-7485","https://stocktwits.com/symbol/BAYRY","Biotech Updates 11/14:
$THERF PDUFA extension
$LOXO license $BAYRY
$PCRX Adcom 2/14
$AZN benralizumab approval+ more
biopharmcatalyst.com/news/2...","Nov 14th, 6:54 pm"
"1550351473-7198","https://stocktwits.com/symbol/BAYRY","$BAYRY Euro marker is undervalued and can only improve in 2019. KRKG stock is even better investment in pharma sector","Feb 14th, 8:39 am"
"1550351473-7290","https://stocktwits.com/symbol/BAYRY","Bayer Slumps After Judge Upholds Monsanto Cancer Verdict, Reduces Damages $BAYRY thestreet.com/investing/bay...","Oct 23rd, 2:35 am"
"1550351473-7299","https://stocktwits.com/symbol/BAYRY","$BAYRY 德國生命科學公司$BAYRY幾個月來一直在努力讓$DELT接受每股5.50美元的收益","Oct 9th, 1:26 pm"
"1550351473-7222","https://stocktwits.com/symbol/BAYRY","$BAYRY  Its OTC  and she just had a $4.00 (EUR) plus close back home. very nice indeed.i got hi hopes for this one in 2019/20.
great outlook","Jan 4th, 10:38 am"
"1550351473-7361","https://stocktwits.com/symbol/BAYRY","BLOCK TRADE: $BAYRY 1,980,000 shares @ $21.75 [12:55:29]","Aug 16th, 11:56 am"
"1550351473-7409","https://stocktwits.com/symbol/BAYRY","$OASM $NVS $RHHBY $SNY $CELG $PFE $BMY $GILD $AMGN $JNJ $LLY $MRK $ABBV $GSK $BAYRY Oasmia's Phase III at ASCO 2018 globenewswire.com/news-rele...","Jun 26th, 5:26 am"
"1550351473-7472","https://stocktwits.com/symbol/BAYRY","Why This Biotech Stock Is Diving Despite In-Line Liver Cancer Results: investors.com/news/technolo... $EXEL $BAYRY $BMY","Jan 17th, 2:42 pm"
"1550351473-7258","https://stocktwits.com/symbol/BAYRY","$BAYRY read the entire article please  reuters.com/article/us-baye...","Nov 27th, 8:46 pm"
"1550351473-7301","https://stocktwits.com/symbol/BAYRY","$AAL  $BAYRY  Has the German life sciences company  been trying for months to bring Delta Technology Holdings to acceptt....https://investorplace.com/2018/10/bayer-ag-adr-bayry-stock-delta-technology-holding-delt/","Oct 9th, 7:49 am"
"1550351473-7303","https://stocktwits.com/symbol/BAYRY","$DVAX $BAYRY  Has the German life sciences company  been trying for months to bring Delta Technolgy Holdings to acceptt....https://investorplace.com/2018/10/bayer-ag-adr-bayry-stock-delta-technology-holding-delt/","Oct 9th, 7:10 am"
"1550351473-7322","https://stocktwits.com/symbol/BAYRY","BLOCK TRADE: $BAYRY 1,400,000 shares @ $20.49 [15:17:29]","Sep 13th, 2:18 pm"
"1550351473-7455","https://stocktwits.com/symbol/BAYRY","EU clears Bayer's acquisition of Monsanto, subject to conditions - $BAYRY - thefly.com/landingPageNews....","Mar 21st, 5:45 am"
"1550351473-7302","https://stocktwits.com/symbol/BAYRY","$DELT THE RULE OF 32 was here yesterday. Others $IMMU $BABA $CAPR $GNCA $OGEN $ABAC $BAYRY","Oct 9th, 7:39 am"
"1550351473-7362","https://stocktwits.com/symbol/BAYRY","$BAYRY BLOCK TRADE [12:55:29] @ $21.75 for 1,980,000 shares.","Aug 16th, 11:55 am"
"1550351473-7326","https://stocktwits.com/symbol/BAYRY","$BAYRY i really hope that more bad news are coming out. i cant afford buying over 20. but i will buy big under 20","Sep 11th, 2:06 pm"
"1550351473-7297","https://stocktwits.com/symbol/BAYRY","$BAYRY Holding up pretty well as Dow drops 600","Oct 10th, 2:24 pm"
"1550351473-7255","https://stocktwits.com/symbol/BAYRY","$BAYRY looking to dump animal health line...I think $AZN is a prime candidate as a buyer","Nov 29th, 7:53 am"
"1550351473-7260","https://stocktwits.com/symbol/BAYRY","$BAYRY jump in on $UAVS . Please.","Nov 27th, 10:51 am"
"1550351473-7441","https://stocktwits.com/symbol/BAYRY","Eyes on $BAYRY: crossing above its upper Bollinger Band of $30.82 could signal time for a pullback investalert.com/s/3246 #BAYRY","Apr 16th, 9:24 pm"
"1550351473-7465","https://stocktwits.com/symbol/BAYRY","Bayer to release earnings after the market closes on Wednesday. Analysts expect 0.31 EPS.  $BAYRY thecerbatgem.com/2018/02/21...","Feb 27th, 12:03 am"
"1550351473-7483","https://stocktwits.com/symbol/BAYRY","Round Up On Monsanto For 2018- $14 Billion Is Not Chump Change But It Is A Sign dynamiccommodities.com/roun... $MON $DBA $RJA $GSG $BAYRY $SPY","Dec 12th, 10:33 am"
"1550351473-7232","https://stocktwits.com/symbol/BAYRY","$BAYRY $PFE and i like $AMD my top picks for next year.. I think $BAYRY is going to have a great year. very promising out look.","Dec 19th, 7:25 am"
"1550351473-7392","https://stocktwits.com/symbol/BAYRY","$TRXC Netflix documentary reveals the darker side of $ISRG $BAYRY  lack of sensitivity for unsatisfied patients and outstanding lawsuits.","Jul 31st, 2:39 pm"
"1550351473-7421","https://stocktwits.com/symbol/BAYRY","$BAYRY !","Jun 7th, 7:11 am"
"1550351473-7206","https://stocktwits.com/symbol/BAYRY","Einhorn exits drug makers in rebalanced portfolio http://bit.ly/2Du7CWt $MYL $PRGO $AAPL $BAYRY $GM $TSLA $CLB $BHF $AGO $CCR","Jan 23rd, 11:57 am"
"1550351473-7349","https://stocktwits.com/symbol/BAYRY","$BAYRY BLOCK TRADE [12:25:55] @ $23.8 for 4,290,000 shares.","Aug 21st, 11:25 am"
"1550351473-7230","https://stocktwits.com/symbol/BAYRY","$BAYRY bayer can thank the usa/monsanto. monsanto killed a lot of people and bayer","Dec 21st, 2:36 pm"
"1550351473-7210","https://stocktwits.com/symbol/BAYRY","$UAVS Mooney when you sell this to $BAYRY like Climate Corp make sure we get 2 to 1 on the acquisition. That'll give them 1 billion O/S even","Jan 14th, 12:12 pm"
"1550351473-7393","https://stocktwits.com/symbol/BAYRY","Bayer upgraded by ValuEngine to sell. marketbeat.com/stocks/OTCMK... $BAYRY","Jul 28th, 12:06 am"
"1550351473-7425","https://stocktwits.com/symbol/BAYRY","$BAYRY Was this an all cash deal I don’t remember","Jun 3rd, 8:38 am"
"1550351473-7352","https://stocktwits.com/symbol/BAYRY","$BAYRY $PTLA $M  $$$$$$ Nice %  #Alerted in the Channel. 
$LITE Next Run up?!  
t.me/joinchat/AAAAAE_1ifEp9... 
 
$SPX $SPY $NDX $QQQ $COMPQ","Aug 21st, 7:57 am"
"1550351473-7327","https://stocktwits.com/symbol/BAYRY","$BAYRY 19,99 wont buy before that","Sep 11th, 2:04 pm"
"1550351473-7354","https://stocktwits.com/symbol/BAYRY","$TSLA You want to short a fraud then hit $RIOT You want evil? Short $BAYRY But to see the hate by so many jealous middle aged men is sad","Aug 19th, 11:00 am"
"1550351473-7463","https://stocktwits.com/symbol/BAYRY","Bayer announces earnings. $0.42 EPS. Beats estimates.  marketbeat.com/stocks/OTCMK... $BAYRY","Feb 28th, 10:20 am"
"1550351473-7343","https://stocktwits.com/symbol/BAYRY","$BAYRY holy crap yo... im in. ... way lower than here .. and im in . This is gunna be lit .. ""down tha road""","Aug 22nd, 5:39 pm"
"1550351473-7217","https://stocktwits.com/symbol/BAYRY","China  approves imports of 5 new varieties of GM crops, paving way for US ag firms to sell more biotech seeds to China. $DWDP $SYT $BAYRY","Jan 9th, 8:56 am"
"1550351473-7286","https://stocktwits.com/symbol/BAYRY","$SPY $BAYRY Bayer getting fined here is the biggest scandal in the American justice system i can remember. Pathetic judge, reflects badly.","Oct 23rd, 8:52 am"
"1550351473-7313","https://stocktwits.com/symbol/BAYRY","$TLRY Shareholders should ask $BAYRY about how profitable agriculture really is.","Sep 19th, 7:30 am"
"1550351473-7338","https://stocktwits.com/symbol/BAYRY","$BAYRY i want  20 dolla shares","Aug 30th, 5:00 pm"
"1550351473-7291","https://stocktwits.com/symbol/BAYRY","Judge Cuts Jury Award against Bayer's Roundup to $78.5 Million $BAYRY thestreet.com/investing/sto...","Oct 22nd, 9:55 pm"
"1550351473-7336","https://stocktwits.com/symbol/BAYRY","$BAYRY Burn in Hell Monsanto !!","Sep 3rd, 3:39 am"
"1550351473-7406","https://stocktwits.com/symbol/BAYRY","$NVS $RHHBY $SNY $CELG $PFE $BMY $GILD $AMGN $JNJ $LLY $MRK $ABBV $GSK $BAYRY Swedish LIDDS's Liproca Depot liddspharma.com/pipeline/","Jul 2nd, 1:15 pm"
"1550351473-7308","https://stocktwits.com/symbol/BAYRY","$OASM $ZTS $MRK $PETS $LLY $BAYRY Oasmia Presents Positive Efficacy and Safety Data for Doxophos Vet marketwatch.com/press-relea...","Oct 3rd, 8:00 am"
"1550351473-7295","https://stocktwits.com/symbol/BAYRY","Hemophilia drug HeMlibra approval in US good news for $RHHBY bad news for others
moodys.com/login.aspx?lang=...    
$NVO, $SHPG, $BAYRY, $XPH,$PJP","Oct 11th, 9:44 am"
"1550351473-7298","https://stocktwits.com/symbol/BAYRY","$OASM $NVS $RHHBY $SNY $CELG $PFE $BMY $GILD $AMGN $JNJ $LLY $MRK $ABBV $BAYRY Oasmia Still Flying Under The Radar nasdaq.com/article/still-fl...","Oct 9th, 2:03 pm"
"1550351473-7433","https://stocktwits.com/symbol/BAYRY","Market Morning Roundup – Futures Down, Facebook Wants Your SSN, Fed Minutes, Weed-Killing R marketexclusive.com/roundup... $XLF $FB $BAYRY $MON","May 23rd, 6:38 am"
"1550351473-7242","https://stocktwits.com/symbol/BAYRY","$BAYRY Today the SP was cheeeeeeep.","Dec 6th, 4:33 pm"
"1550351473-7234","https://stocktwits.com/symbol/BAYRY","$BAYRY Monsanto actually rounds out their business model, they provide health solutions to human animal and plant. their 2022, forecast, wow","Dec 17th, 9:28 pm"
"1550351473-7492","https://stocktwits.com/symbol/BAYRY","$BAYRY so strong, she cant wait to get back to €123.9","Oct 16th, 10:47 am"
"1550351473-7386","https://stocktwits.com/symbol/BAYRY","Bayer Shares Plunge Following $289 Million Monsanto Cancer Verdict in California $BAYRY thestreet.com/markets/bayer...","Aug 13th, 3:18 am"
"1550351473-7487","https://stocktwits.com/symbol/BAYRY","$BAYRY $LOXO news could mark the long expected land grab of smaller high profile/late stage bios by BigPharma. $SRPT $TGTX $DVAX who else?","Nov 14th, 6:56 am"
"1550351473-7442","https://stocktwits.com/symbol/BAYRY","Jefferies Group Sets Bayer Q1 2018 Earnings Estimates at $0.65 EPS. marketbeat.com/x/459899 $BAYRY","Apr 16th, 12:39 am"
"1550351473-7274","https://stocktwits.com/symbol/BAYRY","Bayer ($BAYRY) Beats on Q3 Earnings, Revenue Estimates finance.yahoo.com/news/baye...","Nov 13th, 7:27 pm"
"1550351473-7446","https://stocktwits.com/symbol/BAYRY","FDA puts restrictions on birth control implant but no recall $BAYRY #BAYRY marketbeat.com/articles/fda...","Apr 9th, 2:35 pm"
"1550351473-7456","https://stocktwits.com/symbol/BAYRY","$MON this company is worth more than $128/share. If $BAYRY  deal doesn’t happen its a blessing. Buy the dips","Mar 16th, 7:00 am"
"1550351473-7410","https://stocktwits.com/symbol/BAYRY","$NVS $RHHBY $SNY $CELG $PFE $BMY $GILD $AMGN $JNJ $LLY $MRK $ABBV $GSK $BAYRY Swedish LIDDS's Novel NanoZolid Tech globenewswire.com/news-rele...","Jun 25th, 8:50 am"
"1550351473-7351","https://stocktwits.com/symbol/BAYRY","$BAYRY BLOCK TRADE [12:16:55] @ $23.8 for 4,290,000 shares.","Aug 21st, 11:16 am"
"1550351473-7325","https://stocktwits.com/symbol/BAYRY","$BAYRY BLOCK TRADE [12:43:12] @ $20.49 for 1,400,000 shares.","Sep 13th, 11:43 am"
"1550351473-7382","https://stocktwits.com/symbol/BAYRY","Bayer's buy rating reiterated at JPMorgan Chase & Co.. marketbeat.com/stocks/OTCMK... $BAYRY","Aug 13th, 9:05 am"
"1550351473-7411","https://stocktwits.com/symbol/BAYRY","$OASM $NVS $RHHBY $SNY $CELG $PFE $BMY $GILD $AMGN $JNJ $LLY $MRK $ABBV $GSK $BAYRY Oasmia Pharmaceutical's Novel XR-17 Technology","Jun 23rd, 5:05 am"
"1550351473-7285","https://stocktwits.com/symbol/BAYRY","$NVS $RHHBY $SNY $CELG $PFE $BMY $GILD $AMGN $JNJ $LLY $MRK $ABBV $BAYRY Swedish LIDDS's Unique Cancer Treatment Tech drugdevelopment-technology....","Oct 24th, 1:47 pm"
"1550351473-7256","https://stocktwits.com/symbol/BAYRY","$BAYRY $UAVS helllooooooo","Nov 28th, 3:53 pm"
"1550351473-7281","https://stocktwits.com/symbol/BAYRY","$OASM $ZTS $MRK $PETS $BAYRY $ELAN AdvaVet CEO, Dr Henrik Rönnberg: Dogs Reveal How Cancer Works in Humans thedailybeast.com/dogs-reve...","Oct 26th, 3:03 pm"
"1550351473-7318","https://stocktwits.com/symbol/BAYRY","$NVS $RHHBY $SNY $CELG $PFE $BMY $GILD $AMGN $JNJ $LLY $MRK $ABBV $GSK $BAYRY Swedish LIDDS's Unique STING Approach liddspharma.com/press/new-s...","Sep 15th, 4:34 am"
"1550351473-7254","https://stocktwits.com/symbol/BAYRY","Bayer assessing options to exit Animal Health business, suncare, footcare lines - $BAYRY - thefly.com/landingPageNews....","Nov 29th, 7:54 am"
"1550351473-7293","https://stocktwits.com/symbol/BAYRY","$DELT Maybe some company will make an offer on this low  float  China company. It just does not look like $BAYRY will be it.","Oct 20th, 7:45 pm"
"1550351473-7363","https://stocktwits.com/symbol/BAYRY","Jefferies Financial Group Raises Bayer FY2019 Earnings Estimates to $2.29 EPS (Previously $2.24). marketbeat.com/x/531580 $BAYRY","Aug 16th, 8:22 am"
"1550351473-7265","https://stocktwits.com/symbol/BAYRY","$BAYRY Bayer granted FDA orphan designation for Hemophilia A treatment","Nov 23rd, 9:50 am"
"1550351473-7444","https://stocktwits.com/symbol/BAYRY","US Approved Bayer's Acquisition of Monsanto (NYSE:MON) 
$MON, $BAYRY livetradingnews.com/us-appr...","Apr 9th, 3:38 pm"
"1550351473-7205","https://stocktwits.com/symbol/BAYRY","$XXII are lawsuit's really that bad? they can create value, $OCPNY  is up $12 in less than 3 months and only 27 twits follow? $BAYRY value 2","Jan 23rd, 8:04 pm"
"1550351473-7450","https://stocktwits.com/symbol/BAYRY","Bayer announces Annual dividend of $0.614.  Payable on 6/11/2018.  marketbeat.com/stocks/OTCMK... $BAYRY","Mar 23rd, 1:24 am"
"1550351473-7440","https://stocktwits.com/symbol/BAYRY","The U.S. Approves Bayer And Monsanto’s Merger 
dynamiccommodities.com/u-s-... 
$MON $BAYRY $DBA $RJA $GSG $CORN $SOYB $WEAT $SPY","Apr 17th, 10:38 am"
"1550351473-7432","https://stocktwits.com/symbol/BAYRY","$BAYRY reaffirms FY18 guidance; expects $MON acquisition to close in the near future briefing.com/Investor/Popup...","May 25th, 7:28 am"
"1550351473-7277","https://stocktwits.com/symbol/BAYRY","$BAYRY just gonna keep adding here through the lawsuits and the bs","Nov 13th, 5:29 am"
"1550351473-7247","https://stocktwits.com/symbol/BAYRY","Bayer Suffering Buyer's Remorse For Monsanto Acquisition $BAYRY talkmarkets.com/content/sto...","Dec 2nd, 4:30 pm"
"1550351473-7355","https://stocktwits.com/symbol/BAYRY","$BAYRY I am adding Bayer to my watch List; lost significant market value last week","Aug 19th, 8:45 am"
"1550351473-7377","https://stocktwits.com/symbol/BAYRY","$BAYRY never too early....","Aug 13th, 12:00 pm"
"1550351473-7417","https://stocktwits.com/symbol/BAYRY","$OASM $ZTS $MRK $PETS $LLY $BAYRY Oasmia Pharmaceutical's Vet Pipeline","Jun 19th, 1:05 am"
"1550351473-7340","https://stocktwits.com/symbol/BAYRY","Sympathy Move: Portola Upgraded After Competitor Reports Sour Data benzinga.com/analyst-rating... $BAYRY $JNJ $PTLA","Aug 27th, 9:41 am"
"1550351473-7311","https://stocktwits.com/symbol/BAYRY","Bayer upgraded by Citigroup Inc to buy. marketbeat.com/stocks/OTCMK... $BAYRY","Sep 20th, 6:24 am"
"1550351473-7257","https://stocktwits.com/symbol/BAYRY","$BAYRY $LOXO 
New FDA approved cancer treatment.","Nov 28th, 8:57 am"
"1550351473-7459","https://stocktwits.com/symbol/BAYRY","$BAYRY $IBB Upcoming week of increased mycocardial infraction due to daylight saving time transition - take care of your 💚","Mar 9th, 10:17 am"
"1550351473-7470","https://stocktwits.com/symbol/BAYRY","$CGEN def a #dNevBOOMER BULLISH #LONG #HODL! Knowledge in the field, immunotherapies, $BAYRY dev. CGEN-15001T few more preclin then clinical","Jan 18th, 6:24 pm"
"1550351473-7400","https://stocktwits.com/symbol/BAYRY","$OASM $NVS $RHHBY $SNY $CELG $PFE $BMY $GILD $AMGN $JNJ $LLY $MRK $ABBV $GSK $BAYRY Oasmia's Likely Docetaxel Route targetedonc.com/news/doceta...","Jul 19th, 9:32 am"
"1550351473-7448","https://stocktwits.com/symbol/BAYRY","$SYN $PFE $GILD $BAYRY Antibotics =Superbugs, Obesity,Cancer,Alzheimer's.Ribaxamase can stop and save world. #FDA #CDC #antibioticresistance","Apr 8th, 4:09 pm"
"1550351473-7275","https://stocktwits.com/symbol/BAYRY","$NVS $RHHBY $SNY $CELG $PFE $BMY $GILD $AMGN $JNJ $LLY $MRK $ABBV $BAYRY Swedish LIDDS's Intratumoral Docetaxel Study globenewswire.com/news-rele...","Nov 13th, 11:53 am"
"1550351473-7422","https://stocktwits.com/symbol/BAYRY","$LOXO Probably one of the most likely takeover candidates given recent results $BAYRY has to be kicking themselves for not buying earlier","Jun 5th, 12:20 pm"
"1550351473-7416","https://stocktwits.com/symbol/BAYRY","$NVS $RHHBY $SNY $CELG $PFE $BMY $GILD $AMGN $JNJ $LLY $MRK $ABBV $GSK $BAYRY Swedish LIDDS's Subcutaneous Depot drugdevelopment-technology....","Jun 19th, 2:13 am"
"1550351473-7390","https://stocktwits.com/symbol/BAYRY","$OASM $ZTS $MRK $PETS $LLY $BAYRY Oasmia Pharmaceutical's Pet Cancer Therapeutics Market Opportunity thebusinesstactics.com/4878...","Aug 3rd, 9:36 am"
"1550351473-7427","https://stocktwits.com/symbol/BAYRY","$MON U. S. Department of Justice conditionally approves $BAYRY proposed acquisition of $MON briefing.com/Investor/Popup...","May 29th, 1:22 pm"
"1550351473-7252","https://stocktwits.com/symbol/BAYRY","$BAYRY   
Bayer To Fire 12,000 After Monsanto Legal Troubles","Nov 29th, 9:21 am"
"1550351473-7434","https://stocktwits.com/symbol/BAYRY","Bayer's buy rating reiterated at DZ Bank AG. marketbeat.com/stocks/OTCMK... $BAYRY","May 17th, 9:17 am"
"1550351473-7350","https://stocktwits.com/symbol/BAYRY","BLOCK TRADE: $BAYRY 4,290,000 shares @ $23.80 [12:16:55]","Aug 21st, 11:19 am"
"1550351473-7216","https://stocktwits.com/symbol/BAYRY","$BAYRY $CRON $ACB and even $EEVVF all got the bacon frying...nice","Jan 9th, 9:00 am"
"1550351473-7353","https://stocktwits.com/symbol/BAYRY","Bayer upgraded by Berenberg Bank to buy. marketbeat.com/stocks/OTCMK... $BAYRY","Aug 21st, 6:31 am"
"1550351473-7477","https://stocktwits.com/symbol/BAYRY","$BAYRY    DELT!!! prothioconazole production. Supplier to Bayer?","Jan 5th, 10:23 am"
"1550351473-7466","https://stocktwits.com/symbol/BAYRY","FDA sends warning letter to Bayer over response to manufacturing violations - $BAYRY - thefly.com/landingPageNews....","Feb 13th, 12:46 pm"
"1550351473-7481","https://stocktwits.com/symbol/BAYRY","Does Regeneron Pharma Have A Potential Blockbuster In 2018? investors.com/news/technolo... $REGN $MRK $BMY $SNY $BAYRY","Dec 28th, 7:00 pm"
"1550351473-7401","https://stocktwits.com/symbol/BAYRY","$UAVS $BAYRY $SEED","Jul 18th, 9:14 am"
"1550351473-7357","https://stocktwits.com/symbol/BAYRY","$RKDA Their IP estate with $670 mil spend since '02 is worth > $1bil. They are at the cusp of major commercial success. $MON,$DWDP,$BAYRY","Aug 17th, 7:42 am"
"1550351473-7490","https://stocktwits.com/symbol/BAYRY","Bayer AG to release earnings before the market opens on Thursday. Analysts expect 1.5 EPS.  $BAYRY dailypolitical.com/2017/10/...","Oct 25th, 12:03 am"
"1550351473-7226","https://stocktwits.com/symbol/BAYRY","Double Bottom identified: $BAYRY. More insights: stockinvest.us/technical-an...","Jan 1st, 5:47 pm"
"1550351473-7312","https://stocktwits.com/symbol/BAYRY","$ABBV not alone. Other Pharmas = SAME THING. See statnews.com/pharmalot/2017... $GILD $AMGN $BAYRY $LLY Might as well hold long til recovery in 2020","Sep 19th, 8:33 am"
"1550351473-7249","https://stocktwits.com/symbol/BAYRY","Let me get this straight, cause cancer then profit from cancer drug? $BAYRY $LOXO
https://www.bloomberg.com/news/articles/2018-11-29/bayer-cuts-12-000-jobs-plans-to-exit-animal-health-business
reuters.com/article/us-loxo...","Nov 30th, 4:59 am"
"1550351473-7458","https://stocktwits.com/symbol/BAYRY","$BAYRY","Mar 10th, 6:17 pm"
"1550351473-7292","https://stocktwits.com/symbol/BAYRY","$OASM $NVS $RHHBY $SNY $CELG $PFE $BMY $GILD $AMGN $JNJ $LLY $MRK $ABBV $GSK $BAYRY Oasmia Pharmaceutical - Upcoming Milestones (update)","Oct 22nd, 7:13 am"
"1550351473-7493","https://stocktwits.com/symbol/BAYRY","$BAYRY road to €123.9 is open but I'm LT anyways","Oct 13th, 9:47 am"
"1550351473-7236","https://stocktwits.com/symbol/BAYRY","$JNJ will this be the next $BAYRY. not a good sign with the baby powder","Dec 14th, 9:56 pm"
"1550351473-7364","https://stocktwits.com/symbol/BAYRY","$BAYRY This company fought so hard for the Monsanto merger just to make sure they could be sued in California courts. Dumb move!","Aug 16th, 6:49 am"
"1550351473-7320","https://stocktwits.com/symbol/BAYRY","$BAYRY Tweezer bottom confirmed by today's green candle. Bounce to 77 imminent","Sep 14th, 2:00 pm"
"1550351473-7307","https://stocktwits.com/symbol/BAYRY","$OASM $ZTS $MRK $PETS $LLY $BAYRY Oasmia Pharmaceutical's Pet Cancer Therapeutics Market Opportunity openpr.com/news/1282274/Pet...","Oct 5th, 9:28 am"
"1550351473-7261","https://stocktwits.com/symbol/BAYRY","Raymond James Sees $1B Potential In Loxo Oncology's Vitrakvi, LOXO-95 https://benzinga.com/z/12756770 $BAYRY $LOXO","Nov 27th, 10:44 am"
"1550351473-7435","https://stocktwits.com/symbol/BAYRY","$BAYRY past two weeks have been fantastic","May 16th, 11:18 am"
"1550351473-7449","https://stocktwits.com/symbol/BAYRY","$BAYRY buying opportunity here","Mar 23rd, 7:31 pm"
"1550351473-7407","https://stocktwits.com/symbol/BAYRY","Jefferies Financial Group Raises Bayer FY2019 Earnings Estimates to $2.24 EPS (Previously $2.23). weekherald.com/2018/06/27/b... $BAYRY","Jun 27th, 6:03 am"
"1550351473-7262","https://stocktwits.com/symbol/BAYRY","$BAYRY ya, ok :-)","Nov 27th, 6:45 am"
"1550351473-7403","https://stocktwits.com/symbol/BAYRY","Market Morning: Pizza Topped With Irony, Comcast Wants Sky, Dwayne Johnson vs Bayer marketexclusive.com/market-... $PZZA $CMCSA $BAYRY $USO $FOX","Jul 12th, 6:00 am"
"1550351473-7460","https://stocktwits.com/symbol/BAYRY","Bayer in exclusive talks with BASF on sale of vegetable seeds business - $BAYRY - thefly.com/landingPageNews....","Mar 7th, 6:04 am"
"1550351473-7240","https://stocktwits.com/symbol/BAYRY","Elliott says $BAYRY should split pharma agrochem units","Dec 7th, 12:51 pm"
"1550351473-7451","https://stocktwits.com/symbol/BAYRY","$BAYRY close below 28.60 would be bad.","Mar 22nd, 9:29 am"
"1550351473-7225","https://stocktwits.com/symbol/BAYRY","Bayer downgraded by JPMorgan Chase & Co. to neutral. marketbeat.com/stocks/OTCMK... $BAYRY","Jan 2nd, 6:10 am"
"1550351473-7207","https://stocktwits.com/symbol/BAYRY","$BAYRY $WMT $COKE $DD $IBM $XOM $NSRGY $CQB 
All see you in hell fellow investors
youtube.com/watch?v=pvughBh...","Jan 17th, 9:18 pm"
"1550351473-7494","https://stocktwits.com/symbol/BAYRY","$BAYRY: Bayer divests selected Crop Science businesses to BASF ($BASFY) for EUR 5.9 bln briefing.com/Investor/Popup...","Oct 13th, 7:05 am"
"1550351473-7399","https://stocktwits.com/symbol/BAYRY","Bayer downgraded by ValuEngine to strong sell. marketbeat.com/stocks/OTCMK... $BAYRY","Jul 19th, 9:07 pm"
"1550351473-7288","https://stocktwits.com/symbol/BAYRY","$BAYRY Bayer Slumps After Judge Upholds Monsanto Cancer Verdict, Reduces Damages

thestreet.com/investing/bay...","Oct 23rd, 6:29 am"
"1550351473-7424","https://stocktwits.com/symbol/BAYRY","$SPX $SPY $QQQ $NDX $IWM $VIX $DIA $DJIA $BAYRY $MON $AAPL $DIS $LNC $DLTR $CRM Top five weekend stock stories","Jun 3rd, 7:04 pm"
"1550351473-7266","https://stocktwits.com/symbol/BAYRY","$OASM $NVS $RHHBY $SNY $CELG $PFE $BMY $GILD $AMGN $JNJ $LLY $MRK $ABBV $BAYRY Oasmia's Apealea approved in the EU globenewswire.com/news-rele...","Nov 22nd, 5:46 am"
"1550351473-7233","https://stocktwits.com/symbol/BAYRY","$BAYRY in spit of their recent news i would focus on their 2022 forecast, its pretty aggressive, check out their R&D investor.bayer.de/en/nc/new...","Dec 17th, 9:38 pm"
"1550351473-7345","https://stocktwits.com/symbol/BAYRY","BLOCK TRADE: $BAYRY 566,303 shares @ $24.11 [12:20:57]","Aug 22nd, 11:23 am"
"1550351473-7488","https://stocktwits.com/symbol/BAYRY","$IONS Earnings Results Fuel Volatility - social.fool.com/blog/433975...

Includes $ALNY $BIIB $BAYRY $AKCA","Nov 10th, 12:44 pm"
"1550351473-7387","https://stocktwits.com/symbol/BAYRY","$BAYRY Europe today starting -10%","Aug 13th, 2:28 am"
"1550351473-7480","https://stocktwits.com/symbol/BAYRY","$BAYRY im hearing rumors that they are buying AMPE!","Dec 29th, 12:40 pm"
"1550351473-7209","https://stocktwits.com/symbol/BAYRY","$ACB green gains were taken to $BAYRY reds for tomorrows gains. morning $WTER gap going to $ACB dip, hope plan plays out so far so good","Jan 15th, 2:35 pm"
"1550351473-7426","https://stocktwits.com/symbol/BAYRY","$MON Been so long I forgot was this a Cash deal at transfer or stock in $BAYRY  at $128.00.  Seems all approvals are almost in and approved.","Jun 2nd, 8:39 am"
"1550351473-7429","https://stocktwits.com/symbol/BAYRY","Bayer's proposed acquisition of Monsanto conditionally approved by DOJ - $BAYRY - thefly.com/landingPageNews....","May 29th, 11:17 am"
"1550351473-7296","https://stocktwits.com/symbol/BAYRY","Bayer Wins Tentative Legal Victory in Roundup Cancer Case $BAYRY realmoney.thestreet.com/art...","Oct 10th, 4:55 pm"
"1550351473-7384","https://stocktwits.com/symbol/BAYRY","$BAYRY dropped 11% -U.S. jury awards $289M in damages to former school groundskeeper,rules his cancer was caused by weedkiller Roundup.","Aug 13th, 6:34 am"
"1550351473-7264","https://stocktwits.com/symbol/BAYRY","$BAYRY going below $10","Nov 23rd, 11:13 am"
"1550351473-7221","https://stocktwits.com/symbol/BAYRY","$BAYRY FYI the class action attorney ads are now showing up in the Midwest over round-up","Jan 7th, 5:09 am"
"1550351473-7248","https://stocktwits.com/symbol/BAYRY","$BAYRY sold at 18.5","Nov 30th, 8:49 am"
"1550351473-7454","https://stocktwits.com/symbol/BAYRY","Bayer Backs Healthy Humans, Critters, & Crops $BAYRY talkmarkets.com/content/glo...","Mar 21st, 9:32 am"
"1550351473-7310","https://stocktwits.com/symbol/BAYRY","$OASM $ZTS $MRK $PETS $LLY $BAYRY Animal-Health Stocks Will Continue to Shine wsj.com/articles/call-of-th...","Sep 24th, 11:14 am"
"1550351473-7241","https://stocktwits.com/symbol/BAYRY","$BAYRY Activist investor Elliott has taken a position in Germany's Bayer (DE:BAYGn","Dec 7th, 11:28 am"
"1550351473-7245","https://stocktwits.com/symbol/BAYRY","$DLTR gonna try this one for a while, road $BAYRY & $DERM long enough.","Dec 3rd, 8:32 am"
"1550351473-7356","https://stocktwits.com/symbol/BAYRY","2:13:13 PM   Another HOD $BAYRY $22.64 +3.6% ON 2,510K VOL (ISW Pre-Market Watch/Scan)","Aug 17th, 1:13 pm"
"1550351473-7395","https://stocktwits.com/symbol/BAYRY","$OASM $NVS $RHHBY $SNY $CELG $PFE $BMY $GILD $AMGN $JNJ $LLY $MRK $ABBV $GSK $BAYRY Oasmia Pharmaceutical's Best-In-Class Drugs","Jul 25th, 8:55 am"
"1550351473-7197","https://stocktwits.com/symbol/BAYRY","$BAYRY Positive results with Darolutamine phase-3. globenewswire.com/news-rele...","Feb 14th, 4:03 pm"
"1550351473-7491","https://stocktwits.com/symbol/BAYRY","Biotech Stocks That Make Money AND Pay Dividends - whotrades.com/people/715110...

$BAYRY $SNN $DGX $CNMD $UNH $BDX $STE $GRFS","Oct 23rd, 5:09 pm"
"1550351473-7211","https://stocktwits.com/symbol/BAYRY","$BAYRY $IBIO $AEMD Thank-you to the team bayer for new partnership on indoor farming seed development igrow.news/news/indoor-vert...","Jan 14th, 9:05 am"
"1550351473-7305","https://stocktwits.com/symbol/BAYRY","$OASM $ZTS $MRK $PETS $BAYRY AdvaVet CEO, Dr. Henrik Rönnberg. Vet Oncology: Taking Animal Research Out of the Lab laboratoryequipment.com/art...","Oct 8th, 10:09 am"
"1550351473-7199","https://stocktwits.com/symbol/BAYRY","ACADEMY CAPITAL MANAGEMENT INC/TX,has filed Form 13F for Q4 2018.Opened NEW positions in $BAYRY $SCHW","Feb 12th, 10:12 am"
"1550351473-7283","https://stocktwits.com/symbol/BAYRY","$TTNP heard some cool rumors - $BAYRY is interested in BO.","Oct 25th, 8:38 am"
"1550351473-7346","https://stocktwits.com/symbol/BAYRY","$BAYRY BLOCK TRADE [12:20:57] @ $24.11 for 566,303 shares.","Aug 22nd, 11:20 am"
"1550351473-7430","https://stocktwits.com/symbol/BAYRY","$BAYRY !","May 29th, 11:00 am"
"1550351473-7473","https://stocktwits.com/symbol/BAYRY","$BAYRY: Bayer AG sells 10.4 percent stake in Covestro briefing.com/Investor/Popup...","Jan 11th, 8:12 am"
"1550351473-7385","https://stocktwits.com/symbol/BAYRY","Bayer's Monsanto unit ordered to pay $289M in Roundup cancer trial - $BAYRY - thefly.com/landingPageNews....","Aug 13th, 5:17 am"
"1550351473-7366","https://stocktwits.com/symbol/BAYRY","Monstanto Faces New Class Action Over Dicamba, Glyphosat: Wiwo $BAYRY","Aug 16th, 1:29 am"
"1550351473-7394","https://stocktwits.com/symbol/BAYRY","Bayer says Netflix's The Bleeding Edge 'lacks scientific support' - $BAYRY - thefly.com/landingPageNews....","Jul 27th, 2:21 pm"
